component,location,carrier,0
Generator,AT0 0,onwind,240.00002
Generator,AT0 0,ror,19.0
Generator,AT0 0,rural heat vent,542.7939
Generator,AT0 0,rural solar thermal,2e-05
Generator,AT0 0,solar,114.44131
Generator,AT0 0,solar rooftop,5e-05
Generator,AT0 0,solar-hsat,4e-05
Generator,AT0 0,urban central heat vent,296.00792
Generator,AT0 0,urban central solar thermal,2e-05
Generator,AT0 0,urban decentral heat vent,188.22905
Generator,AT0 0,urban decentral solar thermal,2e-05
Generator,AT0 1,onwind,0.0
Generator,AT0 1,ror,178.0
Generator,AT0 1,rural heat vent,151.88658
Generator,AT0 1,rural solar thermal,2e-05
Generator,AT0 1,solar,123.59514
Generator,AT0 1,solar rooftop,5e-05
Generator,AT0 1,solar-hsat,4e-05
Generator,AT0 1,urban central heat vent,1541.94076
Generator,AT0 1,urban central solar thermal,3e-05
Generator,AT0 1,urban decentral heat vent,30.6321
Generator,AT0 1,urban decentral solar thermal,2e-05
Generator,AT0 10,onwind,20.0
Generator,AT0 10,ror,328.0
Generator,AT0 10,rural heat vent,92.2512
Generator,AT0 10,rural solar thermal,1e-05
Generator,AT0 10,solar,91.63845
Generator,AT0 10,solar rooftop,5e-05
Generator,AT0 10,solar-hsat,4e-05
Generator,AT0 10,urban central heat vent,272.27172
Generator,AT0 10,urban central solar thermal,2e-05
Generator,AT0 10,urban decentral heat vent,297.91149
Generator,AT0 10,urban decentral solar thermal,1e-05
Generator,AT0 11,onwind,0.0
Generator,AT0 11,ror,67.0
Generator,AT0 11,rural heat vent,304.3991
Generator,AT0 11,rural solar thermal,2e-05
Generator,AT0 11,solar,91.86193
Generator,AT0 11,solar rooftop,5e-05
Generator,AT0 11,solar-hsat,4e-05
Generator,AT0 11,urban central heat vent,460.46492
Generator,AT0 11,urban central solar thermal,2e-05
Generator,AT0 11,urban decentral heat vent,0.73459
Generator,AT0 11,urban decentral solar thermal,1e-05
Generator,AT0 12,onwind,593.0
Generator,AT0 12,ror,177.0
Generator,AT0 12,rural heat vent,34.06972
Generator,AT0 12,rural solar thermal,1e-05
Generator,AT0 12,solar,41.76707
Generator,AT0 12,solar rooftop,5e-05
Generator,AT0 12,solar-hsat,4e-05
Generator,AT0 12,urban central heat vent,1993.03775
Generator,AT0 12,urban central solar thermal,2e-05
Generator,AT0 12,urban decentral heat vent,527.5915
Generator,AT0 12,urban decentral solar thermal,1e-05
Generator,AT0 13,onwind,50.00001
Generator,AT0 13,ror,60.0
Generator,AT0 13,rural heat vent,332.85357
Generator,AT0 13,rural solar thermal,2e-05
Generator,AT0 13,solar,48.87714
Generator,AT0 13,solar rooftop,5e-05
Generator,AT0 13,solar-hsat,4e-05
Generator,AT0 13,urban central heat vent,690.52081
Generator,AT0 13,urban central solar thermal,3e-05
Generator,AT0 13,urban decentral heat vent,35.88037
Generator,AT0 13,urban decentral solar thermal,2e-05
Generator,AT0 14,onwind,32.0
Generator,AT0 14,ror,423.5
Generator,AT0 14,rural heat vent,496.77532
Generator,AT0 14,rural solar thermal,1e-05
Generator,AT0 14,solar,71.46567
Generator,AT0 14,solar rooftop,5e-05
Generator,AT0 14,solar-hsat,4e-05
Generator,AT0 14,urban decentral heat vent,70.73742
Generator,AT0 14,urban decentral solar thermal,1e-05
Generator,AT0 15,onwind,26.0
Generator,AT0 15,ror,273.0
Generator,AT0 15,rural heat vent,194.53809
Generator,AT0 15,rural solar thermal,1e-05
Generator,AT0 15,solar,38.55617
Generator,AT0 15,solar rooftop,4e-05
Generator,AT0 15,solar-hsat,4e-05
Generator,AT0 15,urban decentral heat vent,137.68734
Generator,AT0 15,urban decentral solar thermal,1e-05
Generator,AT0 16,onwind,0.0
Generator,AT0 16,ror,80.0
Generator,AT0 16,rural heat vent,969.598
Generator,AT0 16,rural solar thermal,2e-05
Generator,AT0 16,solar,97.94145
Generator,AT0 16,solar rooftop,4e-05
Generator,AT0 16,solar-hsat,4e-05
Generator,AT0 16,urban decentral heat vent,11.02891
Generator,AT0 16,urban decentral solar thermal,2e-05
Generator,AT0 17,onwind,58.0
Generator,AT0 17,rural heat vent,933.96578
Generator,AT0 17,rural solar thermal,1e-05
Generator,AT0 17,solar,80.4202
Generator,AT0 17,solar rooftop,5e-05
Generator,AT0 17,solar-hsat,4e-05
Generator,AT0 17,urban decentral heat vent,0.86086
Generator,AT0 17,urban decentral solar thermal,1e-05
Generator,AT0 18,onwind,0.0
Generator,AT0 18,ror,283.08037
Generator,AT0 18,rural heat vent,182.70419
Generator,AT0 18,rural solar thermal,2e-05
Generator,AT0 18,solar,55.79715
Generator,AT0 18,solar rooftop,5e-05
Generator,AT0 18,solar-hsat,4e-05
Generator,AT0 18,urban central heat vent,583.37019
Generator,AT0 18,urban central solar thermal,2e-05
Generator,AT0 18,urban decentral heat vent,49.08919
Generator,AT0 18,urban decentral solar thermal,1e-05
Generator,AT0 19,onwind,1e-05
Generator,AT0 19,ror,152.0
Generator,AT0 19,rural heat vent,127.24577
Generator,AT0 19,rural solar thermal,1e-05
Generator,AT0 19,solar,80.25434
Generator,AT0 19,solar rooftop,5e-05
Generator,AT0 19,solar-hsat,4e-05
Generator,AT0 19,urban central heat vent,377.13122
Generator,AT0 19,urban central solar thermal,2e-05
Generator,AT0 19,urban decentral heat vent,255.51171
Generator,AT0 19,urban decentral solar thermal,1e-05
Generator,AT0 2,onwind,1213.0
Generator,AT0 2,rural heat vent,104.42366
Generator,AT0 2,rural solar thermal,1e-05
Generator,AT0 2,solar,196.6754
Generator,AT0 2,solar rooftop,5e-05
Generator,AT0 2,solar-hsat,4e-05
Generator,AT0 2,urban central heat vent,216.96581
Generator,AT0 2,urban central solar thermal,2e-05
Generator,AT0 2,urban decentral heat vent,253.88328
Generator,AT0 2,urban decentral solar thermal,1e-05
Generator,AT0 20,onwind,15.0
Generator,AT0 20,ror,257.0
Generator,AT0 20,rural heat vent,144.7492
Generator,AT0 20,rural solar thermal,1e-05
Generator,AT0 20,solar,46.7846
Generator,AT0 20,solar rooftop,4e-05
Generator,AT0 20,solar-hsat,4e-05
Generator,AT0 20,urban central heat vent,113.28015
Generator,AT0 20,urban central solar thermal,2e-05
Generator,AT0 20,urban decentral heat vent,41.92848
Generator,AT0 20,urban decentral solar thermal,1e-05
Generator,AT0 21,onwind,0.0
Generator,AT0 21,rural heat vent,101.01911
Generator,AT0 21,rural solar thermal,2e-05
Generator,AT0 21,solar,29.40229
Generator,AT0 21,solar rooftop,4e-05
Generator,AT0 21,solar-hsat,4e-05
Generator,AT0 21,urban central heat vent,411.10414
Generator,AT0 21,urban central solar thermal,2e-05
Generator,AT0 21,urban decentral heat vent,57.31836
Generator,AT0 21,urban decentral solar thermal,1e-05
Generator,AT0 22,onwind,39.0
Generator,AT0 22,rural heat vent,402.75778
Generator,AT0 22,rural solar thermal,1e-05
Generator,AT0 22,solar,45.77559
Generator,AT0 22,solar rooftop,4e-05
Generator,AT0 22,solar-hsat,4e-05
Generator,AT0 22,urban decentral heat vent,0.55128
Generator,AT0 22,urban decentral solar thermal,1e-05
Generator,AT0 23,onwind,824.0
Generator,AT0 23,ror,299.5
Generator,AT0 23,rural heat vent,0.00667
Generator,AT0 23,rural solar thermal,1e-05
Generator,AT0 23,solar,171.51988
Generator,AT0 23,solar rooftop,6e-05
Generator,AT0 23,solar-hsat,4e-05
Generator,AT0 23,urban central heat vent,0.00483
Generator,AT0 23,urban central solar thermal,2e-05
Generator,AT0 23,urban decentral heat vent,0.00669
Generator,AT0 23,urban decentral solar thermal,1e-05
Generator,AT0 24,onwind,1e-05
Generator,AT0 24,ror,503.4
Generator,AT0 24,rural heat vent,28.24574
Generator,AT0 24,rural solar thermal,1e-05
Generator,AT0 24,solar,50.6797
Generator,AT0 24,solar rooftop,5e-05
Generator,AT0 24,solar-hsat,4e-05
Generator,AT0 24,urban central heat vent,154.09479
Generator,AT0 24,urban central solar thermal,2e-05
Generator,AT0 24,urban decentral heat vent,181.67196
Generator,AT0 24,urban decentral solar thermal,1e-05
Generator,AT0 3,onwind,1e-05
Generator,AT0 3,ror,13.6
Generator,AT0 3,rural heat vent,34.32897
Generator,AT0 3,rural solar thermal,1e-05
Generator,AT0 3,solar,41.08917
Generator,AT0 3,solar rooftop,5e-05
Generator,AT0 3,solar-hsat,4e-05
Generator,AT0 3,urban central heat vent,655.86746
Generator,AT0 3,urban central solar thermal,2e-05
Generator,AT0 3,urban decentral heat vent,171.5087
Generator,AT0 3,urban decentral solar thermal,1e-05
Generator,AT0 4,onwind,1e-05
Generator,AT0 4,ror,713.0
Generator,AT0 4,rural heat vent,65.289
Generator,AT0 4,rural solar thermal,1e-05
Generator,AT0 4,solar,89.68831
Generator,AT0 4,solar rooftop,5e-05
Generator,AT0 4,solar-hsat,4e-05
Generator,AT0 4,urban central heat vent,0.04071
Generator,AT0 4,urban central solar thermal,2e-05
Generator,AT0 4,urban decentral heat vent,0.09527
Generator,AT0 4,urban decentral solar thermal,1e-05
Generator,AT0 5,onwind,0.0
Generator,AT0 5,ror,39.0
Generator,AT0 5,rural heat vent,191.29453
Generator,AT0 5,rural solar thermal,2e-05
Generator,AT0 5,solar,86.68338
Generator,AT0 5,solar rooftop,5e-05
Generator,AT0 5,solar-hsat,4e-05
Generator,AT0 5,urban central heat vent,1734.90046
Generator,AT0 5,urban central solar thermal,2e-05
Generator,AT0 5,urban decentral heat vent,92.83231
Generator,AT0 5,urban decentral solar thermal,1e-05
Generator,AT0 6,onwind,0.0
Generator,AT0 6,ror,262.0
Generator,AT0 6,rural heat vent,989.50602
Generator,AT0 6,rural solar thermal,1e-05
Generator,AT0 6,solar,64.19419
Generator,AT0 6,solar rooftop,5e-05
Generator,AT0 6,solar-hsat,4e-05
Generator,AT0 6,urban decentral heat vent,0.09782
Generator,AT0 6,urban decentral solar thermal,1e-05
Generator,AT0 7,onwind,0.0
Generator,AT0 7,ror,10.0
Generator,AT0 7,rural heat vent,180.44866
Generator,AT0 7,rural solar thermal,2e-05
Generator,AT0 7,solar,61.24804
Generator,AT0 7,solar rooftop,4e-05
Generator,AT0 7,solar-hsat,4e-05
Generator,AT0 7,urban decentral heat vent,436.50557
Generator,AT0 7,urban decentral solar thermal,1e-05
Generator,AT0 8,onwind,90.00001
Generator,AT0 8,ror,328.0
Generator,AT0 8,rural heat vent,312.75712
Generator,AT0 8,rural solar thermal,1e-05
Generator,AT0 8,solar,163.25097
Generator,AT0 8,solar rooftop,5e-05
Generator,AT0 8,solar-hsat,4e-05
Generator,AT0 8,urban central heat vent,587.8565
Generator,AT0 8,urban central solar thermal,2e-05
Generator,AT0 8,urban decentral heat vent,297.90748
Generator,AT0 8,urban decentral solar thermal,1e-05
Generator,AT0 9,onwind,35.0
Generator,AT0 9,rural heat vent,248.07975
Generator,AT0 9,rural solar thermal,1e-05
Generator,AT0 9,solar,59.32657
Generator,AT0 9,solar rooftop,5e-05
Generator,AT0 9,solar-hsat,4e-05
Generator,AT0 9,urban central heat vent,137.16856
Generator,AT0 9,urban central solar thermal,2e-05
Generator,AT0 9,urban decentral heat vent,109.86412
Generator,AT0 9,urban decentral solar thermal,1e-05
Generator,EU,biogas,2259503.15211
Generator,EU,gas,1416.21101
Generator,EU,oil primary,2112.74156
Generator,EU,solid biomass,35841987.28393
Line,AT0 0,AC,1966.22416
Line,AT0 1,AC,4155.88305
Line,AT0 10,AC,1966.2242
Line,AT0 11,AC,4379.31741
Line,AT0 12,AC,9473.6256
Line,AT0 13,AC,1966.22413
Line,AT0 14,AC,1966.22418
Line,AT0 15,AC,5362.42979
Line,AT0 16,AC,4379.31752
Line,AT0 17,AC,1698.10273
Line,AT0 18,AC,983.11207
Line,AT0 19,AC,3396.20532
Line,AT0 2,AC,6792.4108
Line,AT0 20,AC,6792.41047
Line,AT0 23,AC,7775.52276
Line,AT0 24,AC,983.11211
Line,AT0 3,AC,1006.95692
Line,AT0 4,AC,3396.20528
Link,AT0 0,BEV charger,4786.98151
Link,AT0 0,DAC,0.0
Link,AT0 0,Fischer-Tropsch,2e-05
Link,AT0 0,H2 Electrolysis,239.6778
Link,AT0 0,H2 Fuel Cell,1e-05
Link,AT0 0,H2 pipeline,0.00498
Link,AT0 0,Sabatier,1e-05
Link,AT0 0,V2G,2393.49076
Link,AT0 0,battery charger,0.00014
Link,AT0 0,battery discharger,0.00014
Link,AT0 0,electricity distribution grid,0.00018
Link,AT0 0,home battery charger,0.0001
Link,AT0 0,home battery discharger,0.0001
Link,AT0 0,methanolisation,73.66368
Link,AT0 0,rural air heat pump,1e-05
Link,AT0 0,rural ground heat pump,0.0
Link,AT0 0,rural resistive heater,700.74831
Link,AT0 0,rural water tanks charger,0.00078
Link,AT0 0,rural water tanks discharger,0.00078
Link,AT0 0,urban central air heat pump,1e-05
Link,AT0 0,urban central ptes heat pump,1e-05
Link,AT0 0,urban central resistive heater,360.24018
Link,AT0 0,urban central water pits charger,399.36238
Link,AT0 0,urban central water pits discharger,399.36238
Link,AT0 0,urban central water tanks charger,0.00041
Link,AT0 0,urban central water tanks discharger,0.00041
Link,AT0 0,urban decentral air heat pump,1e-05
Link,AT0 0,urban decentral resistive heater,332.00223
Link,AT0 0,urban decentral water tanks charger,0.00078
Link,AT0 0,urban decentral water tanks discharger,0.00078
Link,AT0 1,BEV charger,1192.70616
Link,AT0 1,DAC,0.0
Link,AT0 1,Fischer-Tropsch,2e-05
Link,AT0 1,H2 Electrolysis,0.01329
Link,AT0 1,H2 Fuel Cell,1e-05
Link,AT0 1,H2 pipeline,0.00543
Link,AT0 1,Sabatier,1e-05
Link,AT0 1,V2G,596.35308
Link,AT0 1,battery charger,0.00014
Link,AT0 1,battery discharger,0.00014
Link,AT0 1,electricity distribution grid,0.00017
Link,AT0 1,home battery charger,0.0001
Link,AT0 1,home battery discharger,0.0001
Link,AT0 1,methanolisation,0.00834
Link,AT0 1,rural air heat pump,0.0
Link,AT0 1,rural ground heat pump,0.0
Link,AT0 1,rural resistive heater,197.81953
Link,AT0 1,rural water tanks charger,0.00076
Link,AT0 1,rural water tanks discharger,0.00076
Link,AT0 1,urban central air heat pump,1e-05
Link,AT0 1,urban central ptes heat pump,1e-05
Link,AT0 1,urban central resistive heater,1588.5669
Link,AT0 1,urban central water pits charger,0.00039
Link,AT0 1,urban central water pits discharger,0.00039
Link,AT0 1,urban central water tanks charger,0.00021
Link,AT0 1,urban central water tanks discharger,0.00021
Link,AT0 1,urban decentral air heat pump,0.0
Link,AT0 1,urban decentral resistive heater,52.36665
Link,AT0 1,urban decentral water tanks charger,0.00076
Link,AT0 1,urban decentral water tanks discharger,0.00076
Link,AT0 10,BEV charger,3134.20459
Link,AT0 10,DAC,0.0
Link,AT0 10,Fischer-Tropsch,2e-05
Link,AT0 10,H2 Electrolysis,0.00166
Link,AT0 10,H2 Fuel Cell,1e-05
Link,AT0 10,H2 pipeline,4.56976
Link,AT0 10,Sabatier,1e-05
Link,AT0 10,V2G,1567.1023
Link,AT0 10,battery charger,0.00014
Link,AT0 10,battery discharger,0.00014
Link,AT0 10,electricity distribution grid,0.00045
Link,AT0 10,home battery charger,0.0001
Link,AT0 10,home battery discharger,0.0001
Link,AT0 10,methanolisation,0.00135
Link,AT0 10,rural air heat pump,1e-05
Link,AT0 10,rural ground heat pump,0.0
Link,AT0 10,rural resistive heater,138.239
Link,AT0 10,rural water tanks charger,0.00078
Link,AT0 10,rural water tanks discharger,0.00078
Link,AT0 10,urban central air heat pump,1e-05
Link,AT0 10,urban central ptes heat pump,1e-05
Link,AT0 10,urban central resistive heater,411.38869
Link,AT0 10,urban central water pits charger,283.35674
Link,AT0 10,urban central water pits discharger,283.35674
Link,AT0 10,urban central water tanks charger,0.00034
Link,AT0 10,urban central water tanks discharger,0.00034
Link,AT0 10,urban decentral air heat pump,1e-05
Link,AT0 10,urban decentral resistive heater,361.14702
Link,AT0 10,urban decentral water tanks charger,0.00077
Link,AT0 10,urban decentral water tanks discharger,0.00077
Link,AT0 11,BEV charger,1399.65456
Link,AT0 11,DAC,0.0
Link,AT0 11,Fischer-Tropsch,2e-05
Link,AT0 11,H2 Electrolysis,0.01196
Link,AT0 11,H2 Fuel Cell,1e-05
Link,AT0 11,H2 pipeline,0.00613
Link,AT0 11,Sabatier,1e-05
Link,AT0 11,V2G,699.82728
Link,AT0 11,battery charger,0.00014
Link,AT0 11,battery discharger,0.00014
Link,AT0 11,electricity distribution grid,0.00016
Link,AT0 11,home battery charger,0.0001
Link,AT0 11,home battery discharger,0.0001
Link,AT0 11,methanolisation,0.00744
Link,AT0 11,rural air heat pump,0.0
Link,AT0 11,rural ground heat pump,0.0
Link,AT0 11,rural resistive heater,387.5782
Link,AT0 11,rural water tanks charger,0.00076
Link,AT0 11,rural water tanks discharger,0.00076
Link,AT0 11,urban central air heat pump,1e-05
Link,AT0 11,urban central ptes heat pump,1e-05
Link,AT0 11,urban central resistive heater,467.56433
Link,AT0 11,urban central water pits charger,0.00039
Link,AT0 11,urban central water pits discharger,0.00039
Link,AT0 11,urban central water tanks charger,0.00021
Link,AT0 11,urban central water tanks discharger,0.00021
Link,AT0 11,urban decentral air heat pump,0.0
Link,AT0 11,urban decentral resistive heater,0.90764
Link,AT0 11,urban decentral water tanks charger,0.00076
Link,AT0 11,urban decentral water tanks discharger,0.00076
Link,AT0 12,BEV charger,4049.45732
Link,AT0 12,DAC,0.0
Link,AT0 12,Fischer-Tropsch,2e-05
Link,AT0 12,H2 Electrolysis,0.00022
Link,AT0 12,H2 Fuel Cell,1e-05
Link,AT0 12,H2 pipeline,0.00919
Link,AT0 12,Sabatier,1e-05
Link,AT0 12,V2G,2024.72866
Link,AT0 12,battery charger,0.00014
Link,AT0 12,battery discharger,0.00014
Link,AT0 12,electricity distribution grid,0.00018
Link,AT0 12,home battery charger,0.0001
Link,AT0 12,home battery discharger,0.0001
Link,AT0 12,methanolisation,0.00052
Link,AT0 12,rural air heat pump,0.0
Link,AT0 12,rural ground heat pump,0.0
Link,AT0 12,rural resistive heater,74.70553
Link,AT0 12,rural water tanks charger,0.00077
Link,AT0 12,rural water tanks discharger,0.00077
Link,AT0 12,urban central air heat pump,1e-05
Link,AT0 12,urban central ptes heat pump,1e-05
Link,AT0 12,urban central resistive heater,2086.95805
Link,AT0 12,urban central water pits charger,0.00039
Link,AT0 12,urban central water pits discharger,0.00039
Link,AT0 12,urban central water tanks charger,0.00021
Link,AT0 12,urban central water tanks discharger,0.00021
Link,AT0 12,urban decentral air heat pump,0.0
Link,AT0 12,urban decentral resistive heater,628.85479
Link,AT0 12,urban decentral water tanks charger,0.00077
Link,AT0 12,urban decentral water tanks discharger,0.00077
Link,AT0 13,BEV charger,1777.46191
Link,AT0 13,DAC,0.0
Link,AT0 13,Fischer-Tropsch,2e-05
Link,AT0 13,H2 Electrolysis,17.33011
Link,AT0 13,H2 Fuel Cell,1e-05
Link,AT0 13,H2 pipeline,10.77897
Link,AT0 13,Sabatier,1e-05
Link,AT0 13,V2G,888.73095
Link,AT0 13,battery charger,0.00014
Link,AT0 13,battery discharger,0.00014
Link,AT0 13,electricity distribution grid,0.00016
Link,AT0 13,home battery charger,0.0001
Link,AT0 13,home battery discharger,0.0001
Link,AT0 13,methanolisation,0.00033
Link,AT0 13,rural air heat pump,0.0
Link,AT0 13,rural ground heat pump,0.0
Link,AT0 13,rural resistive heater,422.61507
Link,AT0 13,rural water tanks charger,0.00076
Link,AT0 13,rural water tanks discharger,0.00076
Link,AT0 13,urban central air heat pump,1e-05
Link,AT0 13,urban central ptes heat pump,1e-05
Link,AT0 13,urban central resistive heater,707.54506
Link,AT0 13,urban central water pits charger,0.00039
Link,AT0 13,urban central water pits discharger,0.00039
Link,AT0 13,urban central water tanks charger,0.00021
Link,AT0 13,urban central water tanks discharger,0.00021
Link,AT0 13,urban decentral air heat pump,0.0
Link,AT0 13,urban decentral resistive heater,43.94357
Link,AT0 13,urban decentral water tanks charger,0.00077
Link,AT0 13,urban decentral water tanks discharger,0.00077
Link,AT0 14,BEV charger,1792.36407
Link,AT0 14,DAC,0.0
Link,AT0 14,Fischer-Tropsch,3e-05
Link,AT0 14,H2 Electrolysis,0.00033
Link,AT0 14,H2 Fuel Cell,1e-05
Link,AT0 14,H2 pipeline,0.0052
Link,AT0 14,Sabatier,1e-05
Link,AT0 14,V2G,896.18204
Link,AT0 14,battery charger,0.00014
Link,AT0 14,battery discharger,0.00014
Link,AT0 14,electricity distribution grid,0.00017
Link,AT0 14,home battery charger,0.0001
Link,AT0 14,home battery discharger,0.0001
Link,AT0 14,methanolisation,0.00013
Link,AT0 14,rural air heat pump,0.0
Link,AT0 14,rural ground heat pump,0.0
Link,AT0 14,rural resistive heater,615.46819
Link,AT0 14,rural water tanks charger,0.00076
Link,AT0 14,rural water tanks discharger,0.00076
Link,AT0 14,urban decentral air heat pump,0.0
Link,AT0 14,urban decentral resistive heater,82.40229
Link,AT0 14,urban decentral water tanks charger,0.00077
Link,AT0 14,urban decentral water tanks discharger,0.00077
Link,AT0 15,BEV charger,744.12945
Link,AT0 15,DAC,0.0
Link,AT0 15,Fischer-Tropsch,3e-05
Link,AT0 15,H2 Electrolysis,0.00043
Link,AT0 15,H2 Fuel Cell,1e-05
Link,AT0 15,H2 pipeline,0.00522
Link,AT0 15,Sabatier,1e-05
Link,AT0 15,V2G,372.06473
Link,AT0 15,battery charger,0.00014
Link,AT0 15,battery discharger,0.00014
Link,AT0 15,electricity distribution grid,0.00018
Link,AT0 15,home battery charger,0.0001
Link,AT0 15,home battery discharger,0.0001
Link,AT0 15,methanolisation,0.00053
Link,AT0 15,rural air heat pump,0.0
Link,AT0 15,rural ground heat pump,0.0
Link,AT0 15,rural resistive heater,242.51504
Link,AT0 15,rural water tanks charger,0.00076
Link,AT0 15,rural water tanks discharger,0.00076
Link,AT0 15,urban decentral air heat pump,0.0
Link,AT0 15,urban decentral resistive heater,155.5227
Link,AT0 15,urban decentral water tanks charger,0.00076
Link,AT0 15,urban decentral water tanks discharger,0.00076
Link,AT0 16,BEV charger,1010.42701
Link,AT0 16,DAC,0.0
Link,AT0 16,Fischer-Tropsch,3e-05
Link,AT0 16,H2 Electrolysis,0.00537
Link,AT0 16,H2 Fuel Cell,1e-05
Link,AT0 16,H2 pipeline,0.00312
Link,AT0 16,Sabatier,1e-05
Link,AT0 16,V2G,505.21351
Link,AT0 16,battery charger,0.00014
Link,AT0 16,battery discharger,0.00014
Link,AT0 16,electricity distribution grid,0.00017
Link,AT0 16,home battery charger,0.0001
Link,AT0 16,home battery discharger,0.0001
Link,AT0 16,methanolisation,0.00336
Link,AT0 16,rural air heat pump,0.0
Link,AT0 16,rural ground heat pump,0.0
Link,AT0 16,rural resistive heater,1127.22807
Link,AT0 16,rural water tanks charger,0.00075
Link,AT0 16,rural water tanks discharger,0.00075
Link,AT0 16,urban decentral air heat pump,0.0
Link,AT0 16,urban decentral resistive heater,13.52272
Link,AT0 16,urban decentral water tanks charger,0.00075
Link,AT0 16,urban decentral water tanks discharger,0.00075
Link,AT0 17,BEV charger,1383.1155
Link,AT0 17,DAC,0.0
Link,AT0 17,Fischer-Tropsch,3e-05
Link,AT0 17,H2 Electrolysis,0.00037
Link,AT0 17,H2 Fuel Cell,1e-05
Link,AT0 17,H2 pipeline,0.00365
Link,AT0 17,Sabatier,1e-05
Link,AT0 17,V2G,691.55775
Link,AT0 17,battery charger,0.00014
Link,AT0 17,battery discharger,0.00014
Link,AT0 17,electricity distribution grid,0.00017
Link,AT0 17,home battery charger,0.0001
Link,AT0 17,home battery discharger,0.0001
Link,AT0 17,methanolisation,0.00041
Link,AT0 17,rural air heat pump,0.0
Link,AT0 17,rural ground heat pump,0.0
Link,AT0 17,rural resistive heater,1086.73762
Link,AT0 17,rural water tanks charger,0.00076
Link,AT0 17,rural water tanks discharger,0.00076
Link,AT0 17,urban decentral air heat pump,0.0
Link,AT0 17,urban decentral resistive heater,3.49328
Link,AT0 17,urban decentral water tanks charger,0.00076
Link,AT0 17,urban decentral water tanks discharger,0.00076
Link,AT0 18,BEV charger,1367.33581
Link,AT0 18,DAC,0.0
Link,AT0 18,Fischer-Tropsch,2e-05
Link,AT0 18,H2 Electrolysis,0.00342
Link,AT0 18,H2 Fuel Cell,1e-05
Link,AT0 18,H2 pipeline,0.00362
Link,AT0 18,Sabatier,1e-05
Link,AT0 18,V2G,683.66791
Link,AT0 18,battery charger,0.00014
Link,AT0 18,battery discharger,0.00014
Link,AT0 18,electricity distribution grid,0.00016
Link,AT0 18,home battery charger,0.0001
Link,AT0 18,home battery discharger,0.0001
Link,AT0 18,methanolisation,0.00198
Link,AT0 18,rural air heat pump,0.0
Link,AT0 18,rural ground heat pump,0.0
Link,AT0 18,rural resistive heater,236.60652
Link,AT0 18,rural water tanks charger,0.00076
Link,AT0 18,rural water tanks discharger,0.00076
Link,AT0 18,urban central air heat pump,1e-05
Link,AT0 18,urban central ptes heat pump,1e-05
Link,AT0 18,urban central resistive heater,600.87617
Link,AT0 18,urban central water pits charger,0.00039
Link,AT0 18,urban central water pits discharger,0.00039
Link,AT0 18,urban central water tanks charger,0.00021
Link,AT0 18,urban central water tanks discharger,0.00021
Link,AT0 18,urban decentral air heat pump,0.0
Link,AT0 18,urban decentral resistive heater,60.47896
Link,AT0 18,urban decentral water tanks charger,0.00076
Link,AT0 18,urban decentral water tanks discharger,0.00076
Link,AT0 19,BEV charger,2554.72015
Link,AT0 19,DAC,0.0
Link,AT0 19,Fischer-Tropsch,2e-05
Link,AT0 19,H2 Electrolysis,0.00075
Link,AT0 19,H2 Fuel Cell,1e-05
Link,AT0 19,H2 pipeline,0.00501
Link,AT0 19,Sabatier,1e-05
Link,AT0 19,V2G,1277.36008
Link,AT0 19,battery charger,0.00014
Link,AT0 19,battery discharger,0.00014
Link,AT0 19,electricity distribution grid,0.00014
Link,AT0 19,home battery charger,0.0001
Link,AT0 19,home battery discharger,0.0001
Link,AT0 19,methanolisation,0.00054
Link,AT0 19,rural air heat pump,0.0
Link,AT0 19,rural ground heat pump,0.0
Link,AT0 19,rural resistive heater,174.35554
Link,AT0 19,rural water tanks charger,0.00078
Link,AT0 19,rural water tanks discharger,0.00078
Link,AT0 19,urban central air heat pump,1e-05
Link,AT0 19,urban central ptes heat pump,1e-05
Link,AT0 19,urban central resistive heater,430.86557
Link,AT0 19,urban central water pits charger,0.07074
Link,AT0 19,urban central water pits discharger,0.07074
Link,AT0 19,urban central water tanks charger,0.00047
Link,AT0 19,urban central water tanks discharger,0.00047
Link,AT0 19,urban decentral air heat pump,0.0
Link,AT0 19,urban decentral resistive heater,306.91485
Link,AT0 19,urban decentral water tanks charger,0.00078
Link,AT0 19,urban decentral water tanks discharger,0.00078
Link,AT0 2,BEV charger,2154.52397
Link,AT0 2,DAC,0.0
Link,AT0 2,Fischer-Tropsch,2e-05
Link,AT0 2,H2 Electrolysis,0.00033
Link,AT0 2,H2 Fuel Cell,1e-05
Link,AT0 2,H2 pipeline,0.00674
Link,AT0 2,Sabatier,1e-05
Link,AT0 2,V2G,1077.26198
Link,AT0 2,battery charger,0.00014
Link,AT0 2,battery discharger,0.00014
Link,AT0 2,electricity distribution grid,0.0002
Link,AT0 2,home battery charger,0.0001
Link,AT0 2,home battery discharger,0.0001
Link,AT0 2,methanolisation,0.00092
Link,AT0 2,rural air heat pump,1e-05
Link,AT0 2,rural ground heat pump,0.0
Link,AT0 2,rural resistive heater,142.45144
Link,AT0 2,rural water tanks charger,0.00078
Link,AT0 2,rural water tanks discharger,0.00078
Link,AT0 2,urban central air heat pump,1e-05
Link,AT0 2,urban central ptes heat pump,1e-05
Link,AT0 2,urban central resistive heater,295.428
Link,AT0 2,urban central water pits charger,216.12754
Link,AT0 2,urban central water pits discharger,216.12754
Link,AT0 2,urban central water tanks charger,0.00042
Link,AT0 2,urban central water tanks discharger,0.00042
Link,AT0 2,urban decentral air heat pump,1e-05
Link,AT0 2,urban decentral resistive heater,302.10552
Link,AT0 2,urban decentral water tanks charger,0.00079
Link,AT0 2,urban decentral water tanks discharger,0.00079
Link,AT0 20,BEV charger,900.03134
Link,AT0 20,DAC,0.0
Link,AT0 20,Fischer-Tropsch,2e-05
Link,AT0 20,H2 Electrolysis,0.00018
Link,AT0 20,H2 Fuel Cell,1e-05
Link,AT0 20,H2 pipeline,0.00607
Link,AT0 20,Sabatier,1e-05
Link,AT0 20,V2G,450.01567
Link,AT0 20,battery charger,0.00014
Link,AT0 20,battery discharger,0.00014
Link,AT0 20,electricity distribution grid,0.00018
Link,AT0 20,home battery charger,0.0001
Link,AT0 20,home battery discharger,0.0001
Link,AT0 20,methanolisation,0.00024
Link,AT0 20,rural air heat pump,0.0
Link,AT0 20,rural ground heat pump,0.0
Link,AT0 20,rural resistive heater,182.50827
Link,AT0 20,rural water tanks charger,0.00077
Link,AT0 20,rural water tanks discharger,0.00077
Link,AT0 20,urban central air heat pump,1e-05
Link,AT0 20,urban central ptes heat pump,1e-05
Link,AT0 20,urban central resistive heater,123.13476
Link,AT0 20,urban central water pits charger,0.00039
Link,AT0 20,urban central water pits discharger,0.00039
Link,AT0 20,urban central water tanks charger,0.00021
Link,AT0 20,urban central water tanks discharger,0.00021
Link,AT0 20,urban decentral air heat pump,0.0
Link,AT0 20,urban decentral resistive heater,50.67134
Link,AT0 20,urban decentral water tanks charger,0.00077
Link,AT0 20,urban decentral water tanks discharger,0.00077
Link,AT0 21,BEV charger,1116.87898
Link,AT0 21,DAC,0.0
Link,AT0 21,Fischer-Tropsch,2e-05
Link,AT0 21,H2 Electrolysis,0.01272
Link,AT0 21,H2 Fuel Cell,1e-05
Link,AT0 21,H2 pipeline,0.00573
Link,AT0 21,Sabatier,1e-05
Link,AT0 21,V2G,558.43949
Link,AT0 21,battery charger,0.00014
Link,AT0 21,battery discharger,0.00014
Link,AT0 21,electricity distribution grid,0.00016
Link,AT0 21,home battery charger,0.0001
Link,AT0 21,home battery discharger,0.0001
Link,AT0 21,methanolisation,0.00799
Link,AT0 21,rural air heat pump,0.0
Link,AT0 21,rural ground heat pump,0.0
Link,AT0 21,rural resistive heater,134.1193
Link,AT0 21,rural water tanks charger,0.00076
Link,AT0 21,rural water tanks discharger,0.00076
Link,AT0 21,urban central air heat pump,1e-05
Link,AT0 21,urban central ptes heat pump,1e-05
Link,AT0 21,urban central resistive heater,428.65936
Link,AT0 21,urban central water pits charger,0.00039
Link,AT0 21,urban central water pits discharger,0.00039
Link,AT0 21,urban central water tanks charger,0.00021
Link,AT0 21,urban central water tanks discharger,0.00021
Link,AT0 21,urban decentral air heat pump,0.0
Link,AT0 21,urban decentral resistive heater,70.76389
Link,AT0 21,urban decentral water tanks charger,0.00076
Link,AT0 21,urban decentral water tanks discharger,0.00076
Link,AT0 22,BEV charger,892.58157
Link,AT0 22,DAC,0.0
Link,AT0 22,Fischer-Tropsch,3e-05
Link,AT0 22,H2 Electrolysis,0.00055
Link,AT0 22,H2 Fuel Cell,1e-05
Link,AT0 22,H2 pipeline,0.00505
Link,AT0 22,Sabatier,1e-05
Link,AT0 22,V2G,446.29078
Link,AT0 22,battery charger,0.00014
Link,AT0 22,battery discharger,0.00014
Link,AT0 22,electricity distribution grid,0.00017
Link,AT0 22,home battery charger,0.0001
Link,AT0 22,home battery discharger,0.0001
Link,AT0 22,methanolisation,0.00083
Link,AT0 22,rural air heat pump,0.0
Link,AT0 22,rural ground heat pump,0.0
Link,AT0 22,rural resistive heater,479.12928
Link,AT0 22,rural water tanks charger,0.00076
Link,AT0 22,rural water tanks discharger,0.00076
Link,AT0 22,urban decentral air heat pump,0.0
Link,AT0 22,urban decentral resistive heater,4.4177
Link,AT0 22,urban decentral water tanks charger,0.00076
Link,AT0 22,urban decentral water tanks discharger,0.00076
Link,AT0 23,BEV charger,9572.52871
Link,AT0 23,DAC,0.0
Link,AT0 23,Fischer-Tropsch,2e-05
Link,AT0 23,H2 Electrolysis,0.0008
Link,AT0 23,H2 Fuel Cell,1e-05
Link,AT0 23,H2 pipeline,0.01173
Link,AT0 23,Sabatier,1e-05
Link,AT0 23,V2G,4786.26435
Link,AT0 23,battery charger,0.00014
Link,AT0 23,battery discharger,0.00014
Link,AT0 23,electricity distribution grid,3724.97156
Link,AT0 23,home battery charger,0.0001
Link,AT0 23,home battery discharger,0.0001
Link,AT0 23,methanolisation,1.13825
Link,AT0 23,rural air heat pump,1e-05
Link,AT0 23,rural ground heat pump,0.0
Link,AT0 23,rural resistive heater,454.55576
Link,AT0 23,rural water tanks charger,0.00079
Link,AT0 23,rural water tanks discharger,0.00079
Link,AT0 23,urban central air heat pump,1e-05
Link,AT0 23,urban central ptes heat pump,1e-05
Link,AT0 23,urban central resistive heater,1202.63518
Link,AT0 23,urban central water pits charger,1743.68871
Link,AT0 23,urban central water pits discharger,1743.68871
Link,AT0 23,urban central water tanks charger,0.00039
Link,AT0 23,urban central water tanks discharger,0.00039
Link,AT0 23,urban decentral air heat pump,1e-05
Link,AT0 23,urban decentral resistive heater,1415.31933
Link,AT0 23,urban decentral water tanks charger,0.0008
Link,AT0 23,urban decentral water tanks discharger,0.0008
Link,AT0 24,BEV charger,1728.67836
Link,AT0 24,DAC,0.0
Link,AT0 24,Fischer-Tropsch,2e-05
Link,AT0 24,H2 Electrolysis,796.38919
Link,AT0 24,H2 Fuel Cell,1e-05
Link,AT0 24,H2 pipeline,508.81504
Link,AT0 24,Sabatier,1e-05
Link,AT0 24,V2G,864.33918
Link,AT0 24,battery charger,0.00014
Link,AT0 24,battery discharger,0.00014
Link,AT0 24,electricity distribution grid,0.00033
Link,AT0 24,home battery charger,0.0001
Link,AT0 24,home battery discharger,0.0001
Link,AT0 24,methanolisation,0.00034
Link,AT0 24,rural air heat pump,1e-05
Link,AT0 24,rural ground heat pump,0.0
Link,AT0 24,rural resistive heater,48.7124
Link,AT0 24,rural water tanks charger,0.00078
Link,AT0 24,rural water tanks discharger,0.00078
Link,AT0 24,urban central air heat pump,1e-05
Link,AT0 24,urban central ptes heat pump,1e-05
Link,AT0 24,urban central resistive heater,208.34774
Link,AT0 24,urban central water pits charger,143.46687
Link,AT0 24,urban central water pits discharger,143.46687
Link,AT0 24,urban central water tanks charger,0.00035
Link,AT0 24,urban central water tanks discharger,0.00035
Link,AT0 24,urban decentral air heat pump,1e-05
Link,AT0 24,urban decentral resistive heater,219.45242
Link,AT0 24,urban decentral water tanks charger,0.00078
Link,AT0 24,urban decentral water tanks discharger,0.00078
Link,AT0 3,BEV charger,1714.96581
Link,AT0 3,DAC,0.0
Link,AT0 3,Fischer-Tropsch,2e-05
Link,AT0 3,H2 Electrolysis,0.00018
Link,AT0 3,H2 Fuel Cell,1e-05
Link,AT0 3,H2 pipeline,0.00397
Link,AT0 3,Sabatier,1e-05
Link,AT0 3,V2G,857.48291
Link,AT0 3,battery charger,0.00014
Link,AT0 3,battery discharger,0.00014
Link,AT0 3,electricity distribution grid,0.00016
Link,AT0 3,home battery charger,0.0001
Link,AT0 3,home battery discharger,0.0001
Link,AT0 3,methanolisation,0.00027
Link,AT0 3,rural air heat pump,0.0
Link,AT0 3,rural ground heat pump,0.0
Link,AT0 3,rural resistive heater,56.01698
Link,AT0 3,rural water tanks charger,0.00076
Link,AT0 3,rural water tanks discharger,0.00076
Link,AT0 3,urban central air heat pump,1e-05
Link,AT0 3,urban central ptes heat pump,1e-05
Link,AT0 3,urban central resistive heater,691.69667
Link,AT0 3,urban central water pits charger,0.00039
Link,AT0 3,urban central water pits discharger,0.00039
Link,AT0 3,urban central water tanks charger,0.00021
Link,AT0 3,urban central water tanks discharger,0.00021
Link,AT0 3,urban decentral air heat pump,0.0
Link,AT0 3,urban decentral resistive heater,207.71788
Link,AT0 3,urban decentral water tanks charger,0.00077
Link,AT0 3,urban decentral water tanks discharger,0.00077
Link,AT0 4,BEV charger,2573.53961
Link,AT0 4,DAC,0.0
Link,AT0 4,Fischer-Tropsch,2e-05
Link,AT0 4,H2 Electrolysis,346.74148
Link,AT0 4,H2 Fuel Cell,1e-05
Link,AT0 4,H2 pipeline,515.03007
Link,AT0 4,Sabatier,1e-05
Link,AT0 4,V2G,1286.7698
Link,AT0 4,battery charger,0.00014
Link,AT0 4,battery discharger,0.00014
Link,AT0 4,electricity distribution grid,464.52455
Link,AT0 4,home battery charger,0.0001
Link,AT0 4,home battery discharger,0.0001
Link,AT0 4,methanolisation,0.00012
Link,AT0 4,rural air heat pump,1e-05
Link,AT0 4,rural ground heat pump,0.0
Link,AT0 4,rural resistive heater,384.66853
Link,AT0 4,rural water tanks charger,0.00081
Link,AT0 4,rural water tanks discharger,0.00081
Link,AT0 4,urban central air heat pump,1e-05
Link,AT0 4,urban central ptes heat pump,1e-05
Link,AT0 4,urban central resistive heater,234.33469
Link,AT0 4,urban central water pits charger,293.07129
Link,AT0 4,urban central water pits discharger,293.07129
Link,AT0 4,urban central water tanks charger,0.00041
Link,AT0 4,urban central water tanks discharger,0.00041
Link,AT0 4,urban decentral air heat pump,1e-05
Link,AT0 4,urban decentral resistive heater,204.46749
Link,AT0 4,urban decentral water tanks charger,0.00082
Link,AT0 4,urban decentral water tanks discharger,0.00082
Link,AT0 5,BEV charger,1821.41472
Link,AT0 5,DAC,0.0
Link,AT0 5,Fischer-Tropsch,2e-05
Link,AT0 5,H2 Electrolysis,0.01387
Link,AT0 5,H2 Fuel Cell,1e-05
Link,AT0 5,H2 pipeline,0.00107
Link,AT0 5,Sabatier,1e-05
Link,AT0 5,V2G,910.70736
Link,AT0 5,battery charger,0.00014
Link,AT0 5,battery discharger,0.00014
Link,AT0 5,electricity distribution grid,0.00017
Link,AT0 5,home battery charger,0.0001
Link,AT0 5,home battery discharger,0.0001
Link,AT0 5,methanolisation,0.00871
Link,AT0 5,rural air heat pump,0.0
Link,AT0 5,rural ground heat pump,0.0
Link,AT0 5,rural resistive heater,250.13756
Link,AT0 5,rural water tanks charger,0.00076
Link,AT0 5,rural water tanks discharger,0.00076
Link,AT0 5,urban central air heat pump,1e-05
Link,AT0 5,urban central ptes heat pump,1e-05
Link,AT0 5,urban central resistive heater,1810.78684
Link,AT0 5,urban central water pits charger,0.00039
Link,AT0 5,urban central water pits discharger,0.00039
Link,AT0 5,urban central water tanks charger,0.00021
Link,AT0 5,urban central water tanks discharger,0.00021
Link,AT0 5,urban decentral air heat pump,0.0
Link,AT0 5,urban decentral resistive heater,113.97595
Link,AT0 5,urban decentral water tanks charger,0.00077
Link,AT0 5,urban decentral water tanks discharger,0.00077
Link,AT0 6,BEV charger,1588.75979
Link,AT0 6,DAC,0.0
Link,AT0 6,Fischer-Tropsch,3e-05
Link,AT0 6,H2 Electrolysis,0.00088
Link,AT0 6,H2 Fuel Cell,1e-05
Link,AT0 6,H2 pipeline,0.00288
Link,AT0 6,Sabatier,1e-05
Link,AT0 6,V2G,794.37989
Link,AT0 6,battery charger,0.00014
Link,AT0 6,battery discharger,0.00014
Link,AT0 6,electricity distribution grid,0.00017
Link,AT0 6,home battery charger,0.0001
Link,AT0 6,home battery discharger,0.0001
Link,AT0 6,methanolisation,0.0007
Link,AT0 6,rural air heat pump,0.0
Link,AT0 6,rural ground heat pump,0.0
Link,AT0 6,rural resistive heater,1155.73398
Link,AT0 6,rural water tanks charger,0.00076
Link,AT0 6,rural water tanks discharger,0.00076
Link,AT0 6,urban decentral air heat pump,0.0
Link,AT0 6,urban decentral resistive heater,3.91385
Link,AT0 6,urban decentral water tanks charger,0.00076
Link,AT0 6,urban decentral water tanks discharger,0.00076
Link,AT0 7,BEV charger,852.56619
Link,AT0 7,DAC,0.0
Link,AT0 7,Fischer-Tropsch,3e-05
Link,AT0 7,H2 Electrolysis,0.01408
Link,AT0 7,H2 Fuel Cell,1e-05
Link,AT0 7,H2 pipeline,0.00747
Link,AT0 7,Sabatier,1e-05
Link,AT0 7,V2G,426.28309
Link,AT0 7,battery charger,0.00014
Link,AT0 7,battery discharger,0.00014
Link,AT0 7,electricity distribution grid,0.00017
Link,AT0 7,home battery charger,0.0001
Link,AT0 7,home battery discharger,0.0001
Link,AT0 7,methanolisation,0.00803
Link,AT0 7,rural air heat pump,0.0
Link,AT0 7,rural ground heat pump,0.0
Link,AT0 7,rural resistive heater,230.70166
Link,AT0 7,rural water tanks charger,0.00076
Link,AT0 7,rural water tanks discharger,0.00076
Link,AT0 7,urban decentral air heat pump,0.0
Link,AT0 7,urban decentral resistive heater,486.27457
Link,AT0 7,urban decentral water tanks charger,0.00076
Link,AT0 7,urban decentral water tanks discharger,0.00076
Link,AT0 8,BEV charger,3599.32768
Link,AT0 8,DAC,0.0
Link,AT0 8,Fischer-Tropsch,2e-05
Link,AT0 8,H2 Electrolysis,0.00024
Link,AT0 8,H2 Fuel Cell,1e-05
Link,AT0 8,H2 pipeline,0.00483
Link,AT0 8,Sabatier,1e-05
Link,AT0 8,V2G,1799.66384
Link,AT0 8,battery charger,0.00014
Link,AT0 8,battery discharger,0.00014
Link,AT0 8,electricity distribution grid,0.00017
Link,AT0 8,home battery charger,0.0001
Link,AT0 8,home battery discharger,0.0001
Link,AT0 8,methanolisation,0.00027
Link,AT0 8,rural air heat pump,0.0
Link,AT0 8,rural ground heat pump,0.0
Link,AT0 8,rural resistive heater,406.56106
Link,AT0 8,rural water tanks charger,0.00077
Link,AT0 8,rural water tanks discharger,0.00077
Link,AT0 8,urban central air heat pump,1e-05
Link,AT0 8,urban central ptes heat pump,1e-05
Link,AT0 8,urban central resistive heater,642.49997
Link,AT0 8,urban central water pits charger,0.00039
Link,AT0 8,urban central water pits discharger,0.00039
Link,AT0 8,urban central water tanks charger,0.00021
Link,AT0 8,urban central water tanks discharger,0.00021
Link,AT0 8,urban decentral air heat pump,0.0
Link,AT0 8,urban decentral resistive heater,358.39058
Link,AT0 8,urban decentral water tanks charger,0.00078
Link,AT0 8,urban decentral water tanks discharger,0.00078
Link,AT0 9,BEV charger,1726.67323
Link,AT0 9,DAC,0.0
Link,AT0 9,Fischer-Tropsch,2e-05
Link,AT0 9,H2 Electrolysis,0.00065
Link,AT0 9,H2 Fuel Cell,1e-05
Link,AT0 9,H2 pipeline,0.00603
Link,AT0 9,Sabatier,1e-05
Link,AT0 9,V2G,863.33661
Link,AT0 9,battery charger,0.00014
Link,AT0 9,battery discharger,0.00014
Link,AT0 9,electricity distribution grid,0.00015
Link,AT0 9,home battery charger,0.0001
Link,AT0 9,home battery discharger,0.0001
Link,AT0 9,methanolisation,0.00051
Link,AT0 9,rural air heat pump,0.0
Link,AT0 9,rural ground heat pump,0.0
Link,AT0 9,rural resistive heater,312.31232
Link,AT0 9,rural water tanks charger,0.00078
Link,AT0 9,rural water tanks discharger,0.00078
Link,AT0 9,urban central air heat pump,1e-05
Link,AT0 9,urban central ptes heat pump,1e-05
Link,AT0 9,urban central resistive heater,156.40022
Link,AT0 9,urban central water pits charger,16.56645
Link,AT0 9,urban central water pits discharger,16.56645
Link,AT0 9,urban central water tanks charger,0.00046
Link,AT0 9,urban central water tanks discharger,0.00046
Link,AT0 9,urban decentral air heat pump,0.0
Link,AT0 9,urban decentral resistive heater,131.87194
Link,AT0 9,urban decentral water tanks charger,0.00078
Link,AT0 9,urban decentral water tanks discharger,0.00078
Link,EU,HVC to air,314898.22378
Link,EU,OCGT,0.00083
Link,EU,SMR,0.00077
Link,EU,SMR CC,0.0013
Link,EU,agriculture machinery oil,190.4064
Link,EU,biogas to gas,1e-05
Link,EU,co2 sequestered,1e-05
Link,EU,gas for industry,561.64379
Link,EU,gas for industry CC,6e-05
Link,EU,industry methanol,15.98174
Link,EU,kerosene for aviation,1308.65689
Link,EU,naphtha for industry,506.84932
Link,EU,oil refining,1000000.0
Link,EU,process emissions,355.16238
Link,EU,process emissions CC,18.1253
Link,EU,rural biomass boiler,0.00024
Link,EU,rural gas boiler,0.00027
Link,EU,shipping methanol,49.79392
Link,EU,solid biomass for industry,3195.20539
Link,EU,solid biomass for industry CC,0.0001
Link,EU,urban central gas CHP,0.00044
Link,EU,urban central gas CHP CC,0.00021
Link,EU,urban central gas boiler,854.56558
Link,EU,urban central solid biomass CHP,0.00017
Link,EU,urban central solid biomass CHP CC,0.0001
Link,EU,urban decentral biomass boiler,0.00024
Link,EU,urban decentral gas boiler,0.00028
StorageUnit,AT0 0,hydro,373.0
StorageUnit,AT0 1,PHS,479.0
StorageUnit,AT0 1,hydro,984.0
StorageUnit,AT0 11,PHS,591.0
StorageUnit,AT0 11,hydro,737.2
StorageUnit,AT0 12,hydro,5.0
StorageUnit,AT0 13,hydro,87.0
StorageUnit,AT0 15,PHS,50.0
StorageUnit,AT0 15,hydro,56.0
StorageUnit,AT0 16,PHS,221.0
StorageUnit,AT0 16,hydro,427.0
StorageUnit,AT0 18,PHS,1418.5
StorageUnit,AT0 18,hydro,379.6
StorageUnit,AT0 19,hydro,214.0
StorageUnit,AT0 21,hydro,6.0
StorageUnit,AT0 22,hydro,61.5
StorageUnit,AT0 24,hydro,12.0
StorageUnit,AT0 3,hydro,111.22
StorageUnit,AT0 5,PHS,1041.0
StorageUnit,AT0 5,hydro,396.0
StorageUnit,AT0 6,hydro,199.0
StorageUnit,AT0 7,PHS,1502.8
StorageUnit,AT0 7,hydro,304.6
Store,AT0 0,EV battery,10879.50344
Store,AT0 0,H2 Store,0.00025
Store,AT0 0,battery,9e-05
Store,AT0 0,home battery,6e-05
Store,AT0 0,rural water tanks,0.00012
Store,AT0 0,urban central water pits,59904.35639
Store,AT0 0,urban central water tanks,0.02469
Store,AT0 0,urban decentral water tanks,0.00012
Store,AT0 1,EV battery,2710.69582
Store,AT0 1,H2 Store,0.00025
Store,AT0 1,battery,9e-05
Store,AT0 1,home battery,6e-05
Store,AT0 1,rural water tanks,0.00011
Store,AT0 1,urban central water pits,0.05876
Store,AT0 1,urban central water tanks,0.01284
Store,AT0 1,urban decentral water tanks,0.00011
Store,AT0 10,EV battery,7123.19226
Store,AT0 10,H2 Store,0.00025
Store,AT0 10,battery,9e-05
Store,AT0 10,home battery,6e-05
Store,AT0 10,rural water tanks,0.00012
Store,AT0 10,urban central water pits,42503.51063
Store,AT0 10,urban central water tanks,0.02054
Store,AT0 10,urban decentral water tanks,0.00012
Store,AT0 11,EV battery,3181.03309
Store,AT0 11,H2 Store,0.00025
Store,AT0 11,battery,9e-05
Store,AT0 11,home battery,6e-05
Store,AT0 11,rural water tanks,0.00011
Store,AT0 11,urban central water pits,0.05892
Store,AT0 11,urban central water tanks,0.01287
Store,AT0 11,urban decentral water tanks,0.00011
Store,AT0 12,EV battery,9203.3121
Store,AT0 12,H2 Store,0.00025
Store,AT0 12,battery,9e-05
Store,AT0 12,home battery,6e-05
Store,AT0 12,rural water tanks,0.00012
Store,AT0 12,urban central water pits,0.05797
Store,AT0 12,urban central water tanks,0.01284
Store,AT0 12,urban decentral water tanks,0.00012
Store,AT0 13,EV battery,4039.68616
Store,AT0 13,H2 Store,0.00025
Store,AT0 13,battery,9e-05
Store,AT0 13,home battery,6e-05
Store,AT0 13,rural water tanks,0.00011
Store,AT0 13,urban central water pits,0.0588
Store,AT0 13,urban central water tanks,0.01286
Store,AT0 13,urban decentral water tanks,0.00011
Store,AT0 14,EV battery,4073.55471
Store,AT0 14,H2 Store,0.00025
Store,AT0 14,battery,9e-05
Store,AT0 14,home battery,6e-05
Store,AT0 14,rural water tanks,0.00011
Store,AT0 14,urban decentral water tanks,0.00012
Store,AT0 15,EV battery,1691.2033
Store,AT0 15,H2 Store,0.00025
Store,AT0 15,battery,9e-05
Store,AT0 15,home battery,6e-05
Store,AT0 15,rural water tanks,0.00011
Store,AT0 15,urban decentral water tanks,0.00011
Store,AT0 16,EV battery,2296.42503
Store,AT0 16,H2 Store,0.00025
Store,AT0 16,battery,9e-05
Store,AT0 16,home battery,6e-05
Store,AT0 16,rural water tanks,0.00011
Store,AT0 16,urban decentral water tanks,0.00011
Store,AT0 17,EV battery,3143.44433
Store,AT0 17,H2 Store,0.00025
Store,AT0 17,battery,9e-05
Store,AT0 17,home battery,6e-05
Store,AT0 17,rural water tanks,0.00011
Store,AT0 17,urban decentral water tanks,0.00011
Store,AT0 18,EV battery,3107.58139
Store,AT0 18,H2 Store,0.00025
Store,AT0 18,battery,9e-05
Store,AT0 18,home battery,6e-05
Store,AT0 18,rural water tanks,0.00011
Store,AT0 18,urban central water pits,0.05883
Store,AT0 18,urban central water tanks,0.01286
Store,AT0 18,urban decentral water tanks,0.00011
Store,AT0 19,EV battery,5806.18217
Store,AT0 19,H2 Store,0.00025
Store,AT0 19,battery,9e-05
Store,AT0 19,home battery,6e-05
Store,AT0 19,rural water tanks,0.00012
Store,AT0 19,urban central water pits,10.61028
Store,AT0 19,urban central water tanks,0.02845
Store,AT0 19,urban decentral water tanks,0.00012
Store,AT0 2,EV battery,4896.64539
Store,AT0 2,H2 Store,0.00025
Store,AT0 2,battery,9e-05
Store,AT0 2,home battery,6e-05
Store,AT0 2,rural water tanks,0.00012
Store,AT0 2,urban central water pits,32419.13168
Store,AT0 2,urban central water tanks,0.02535
Store,AT0 2,urban decentral water tanks,0.00012
Store,AT0 20,EV battery,2045.52577
Store,AT0 20,H2 Store,0.00025
Store,AT0 20,battery,9e-05
Store,AT0 20,home battery,6e-05
Store,AT0 20,rural water tanks,0.00012
Store,AT0 20,urban central water pits,0.0589
Store,AT0 20,urban central water tanks,0.0129
Store,AT0 20,urban decentral water tanks,0.00012
Store,AT0 21,EV battery,2538.36131
Store,AT0 21,H2 Store,0.00025
Store,AT0 21,battery,9e-05
Store,AT0 21,home battery,6e-05
Store,AT0 21,rural water tanks,0.00011
Store,AT0 21,urban central water pits,0.05865
Store,AT0 21,urban central water tanks,0.01284
Store,AT0 21,urban decentral water tanks,0.00011
Store,AT0 22,EV battery,2028.59447
Store,AT0 22,H2 Store,0.00025
Store,AT0 22,battery,9e-05
Store,AT0 22,home battery,6e-05
Store,AT0 22,rural water tanks,0.00011
Store,AT0 22,urban decentral water tanks,0.00011
Store,AT0 23,EV battery,21755.74707
Store,AT0 23,H2 Store,0.00025
Store,AT0 23,battery,9e-05
Store,AT0 23,home battery,7e-05
Store,AT0 23,rural water tanks,0.00012
Store,AT0 23,urban central water pits,261553.30709
Store,AT0 23,urban central water tanks,0.0236
Store,AT0 23,urban decentral water tanks,0.00012
Store,AT0 24,EV battery,3928.81444
Store,AT0 24,H2 Store,0.00025
Store,AT0 24,battery,9e-05
Store,AT0 24,home battery,6e-05
Store,AT0 24,rural water tanks,0.00012
Store,AT0 24,urban central water pits,21520.03104
Store,AT0 24,urban central water tanks,0.02111
Store,AT0 24,urban decentral water tanks,0.00012
Store,AT0 3,EV battery,3897.64957
Store,AT0 3,H2 Store,0.00025
Store,AT0 3,battery,9e-05
Store,AT0 3,home battery,6e-05
Store,AT0 3,rural water tanks,0.00011
Store,AT0 3,urban central water pits,0.05866
Store,AT0 3,urban central water tanks,0.01286
Store,AT0 3,urban decentral water tanks,0.00011
Store,AT0 4,EV battery,5848.95365
Store,AT0 4,H2 Store,0.00025
Store,AT0 4,battery,9e-05
Store,AT0 4,home battery,7e-05
Store,AT0 4,rural water tanks,0.00012
Store,AT0 4,urban central water pits,43960.69352
Store,AT0 4,urban central water tanks,0.02449
Store,AT0 4,urban decentral water tanks,0.00012
Store,AT0 5,EV battery,4139.57891
Store,AT0 5,H2 Store,0.00025
Store,AT0 5,battery,9e-05
Store,AT0 5,home battery,6e-05
Store,AT0 5,rural water tanks,0.00011
Store,AT0 5,urban central water pits,0.0591
Store,AT0 5,urban central water tanks,0.01292
Store,AT0 5,urban decentral water tanks,0.00011
Store,AT0 6,EV battery,3610.8177
Store,AT0 6,H2 Store,0.00025
Store,AT0 6,battery,9e-05
Store,AT0 6,home battery,6e-05
Store,AT0 6,rural water tanks,0.00011
Store,AT0 6,urban decentral water tanks,0.00011
Store,AT0 7,EV battery,1937.65043
Store,AT0 7,H2 Store,0.00025
Store,AT0 7,battery,9e-05
Store,AT0 7,home battery,6e-05
Store,AT0 7,rural water tanks,0.00011
Store,AT0 7,urban decentral water tanks,0.00011
Store,AT0 8,EV battery,8180.29017
Store,AT0 8,H2 Store,0.00025
Store,AT0 8,battery,9e-05
Store,AT0 8,home battery,6e-05
Store,AT0 8,rural water tanks,0.00012
Store,AT0 8,urban central water pits,0.05887
Store,AT0 8,urban central water tanks,0.01291
Store,AT0 8,urban decentral water tanks,0.00012
Store,AT0 9,EV battery,3924.25733
Store,AT0 9,H2 Store,0.00025
Store,AT0 9,battery,9e-05
Store,AT0 9,home battery,6e-05
Store,AT0 9,rural water tanks,0.00012
Store,AT0 9,urban central water pits,2484.96734
Store,AT0 9,urban central water tanks,0.02754
Store,AT0 9,urban decentral water tanks,0.00012
Store,EU,co2,8905136.91245
Store,EU,co2 sequestered,0.12443
Store,EU,co2 stored,0.00421
Store,EU,gas,0.24981
Store,EU,methanol,0.16628
Store,EU,non-sequestered HVC,3778778.68534
Store,EU,oil,0.33444
